{
  "project_info": {
    "project_number": "1045927493743",
    "project_id": "register-484d1",
    "storage_bucket": "register-484d1.appspot.com"
  },
  "client": [
    {
      "client_info": {
        "mobilesdk_app_id": "1:1045927493743:android:71ba6551176602e480cd9a",
        "android_client_info": {
          "package_name": "com.coderavi.register"
        }
      },
      "oauth_client": [
        {
          "client_id": "1045927493743-u5bvdsatjl9c6b5eofb53n0nenr98ibq.apps.googleusercontent.com",
          "client_type": 3
        }
      ],
      "api_key": [
        {
          "current_key": "AIzaSyDmdkuixveXSY1kusHCUHU3o7C6FxH726M"
        }
      ],
      "services": {
        "appinvite_service": {
          "other_platform_oauth_client": [
            {
              "client_id": "1045927493743-u5bvdsatjl9c6b5eofb53n0nenr98ibq.apps.googleusercontent.com",
              "client_type": 3
            }
          ]
        }
      }
    }
  ],
  "configuration_version": "1"
}